year,km_driven,fuel,owner,mileage(km/ltr/kg),seats,selling_price
2014,145500,Diesel,first,23.4,5,450000
2014,120000,Diesel,second,21.14,5,370000
2006,140000,Petrol,third,17.7,5,158000
2010,127000,Diesel,first,23,5,225000
2007,120000,Petrol,first,16.1,5,130000
2017,45000,Petrol,first,20.14,5,440000
2007,175000,LPG,first,17.3,5,96000
2001,5000,Petrol,second,16.1,4,45000
2011,90000,Diesel,first,23.59,5,350000
2013,169000,Diesel,first,20,5,200000
2014,68000,Diesel,second,19.01,5,500000
2005,100000,Petrol,second,17.3,5,92000
2009,140000,Diesel,second,19.3,5,280000
2007,80000,Petrol,second,,,200000
2009,90000,Petrol,second,18.9,5,180000
2016,40000,Petrol,first,18.15,5,400000
2016,70000,Diesel,second,24.52,7,778000
2012,53000,Diesel,second,23,5,500000
2002,80000,Petrol,second,19.7,5,150000
2016,100000,Diesel,first,22.54,5,680000
2011,100000,Diesel,second,21,5,174000
2017,50000,Diesel,first,25.5,5,950000
2015,40000,Diesel,first,26.59,5,525000
2012,72000,Diesel,first,21.5,5,600000
2018,35000,Petrol,first,20.3,5,500000
2016,45000,Petrol,first,21.4,5,575000
2017,28000,Petrol,first,24.7,5,275000
2013,70000,Diesel,first,18.2,7,300000
2009,120000,Petrol,first,18.9,5,220000
2018,25000,Petrol,first,16.8,8,254999
2017,70000,Diesel,first,24.3,5,670000
2003,50000,Petrol,second,,,70000
2012,35000,Petrol,second,14,5,150000
2018,2388,Petrol,first,18.6,5,730000
2017,16200,Diesel,first,24.3,5,650000
2019,10000,CNG,second,33.44,4,330000
2019,15000,Petrol,first,23.95,5,366000
2019,5000,Petrol,first,17,5,1149000
2016,42000,Petrol,first,20.63,5,150000
2011,60000,Diesel,second,13.93,7,425000
2012,76000,Petrol,first,16.1,4,150000
2019,5000,Petrol,first,16,5,2100000
2018,28900,Petrol,first,17.8,5,925000
2013,86300,Petrol,first,16.8,5,425000
2018,23300,Petrol,first,18.5,5,675000
2018,32600,Diesel,first,24.3,5,819999
2018,10300,Petrol,first,23.95,5,390000
2014,77000,Diesel,first,12.55,7,1500000
2013,99000,Diesel,first,12.99,7,700000
2014,27800,Diesel,second,14.8,5,1450000
2015,49800,Diesel,first,24.7,5,425000
2013,151000,Diesel,first,13.5,7,1090000
2015,54700,Diesel,first,26,5,600000
2018,64000,Petrol,first,20.65,5,850000
2015,63000,Diesel,first,27.3,5,525000
2016,127700,Diesel,second,11.36,7,1650000
2016,99000,Diesel,first,12.99,7,950000
2013,33900,Diesel,second,17.68,5,1750000
2018,25000,Petrol,first,14.28,5,1590000
2013,50000,Diesel,first,18.53,5,1689999
2013,59000,Diesel,first,14.84,5,1425000
2011,120000,Diesel,first,21.12,5,265000
2011,110000,Petrol,third,20.36,5,190000
2013,60000,Diesel,first,21.27,5,425000
2015,147000,Diesel,second,26.59,5,630000
2017,25000,Petrol,third,18.16,5,600000
2019,30000,Petrol,first,21.4,5,650000
2016,40000,Diesel,first,22,5,540000
2015,135000,Diesel,first,25.1,5,630000
2018,30000,Petrol,first,20.51,5,448000
2017,80000,Diesel,first,21.66,5,500000
2016,70000,Diesel,first,24.3,5,745000
2019,9850,Diesel,first,24.3,5,1025000
2011,60000,Petrol,second,20.36,5,235000
2016,70000,Diesel,first,25.2,5,630000
2015,78000,Diesel,second,12.55,7,1700000
2013,120000,Diesel,second,22.9,5,450000
2012,120000,Petrol,second,16.02,7,450000
2003,70000,Diesel,first,,,50000
2013,170000,Diesel,first,20.54,5,450000
2016,140000,Diesel,first,12.99,8,1200000
2015,90000,Diesel,first,22.77,5,610000
2016,30000,Petrol,second,15.71,5,2500000
2017,10000,Petrol,first,23.1,5,484999
2016,49000,Petrol,first,19.02,5,275000
2016,32000,Petrol,first,24.7,5,315000
2016,38000,Petrol,first,24.7,5,275000
2015,78000,Diesel,first,,,475000
2012,28000,Petrol,first,19.81,5,290000
2017,32000,Petrol,first,14,5,280000
2010,44000,LPG,first,26.2,5,225000
2015,42000,Petrol,first,16.47,5,455000
2015,45000,Petrol,second,19.81,5,351000
2012,12000,Petrol,second,15.04,5,535000
2009,55500,Petrol,first,18.2,5,175000
2013,61500,Petrol,first,18.5,5,525000
2016,150000,Diesel,first,26.59,5,600000
2016,72000,Petrol,first,19.1,5,565000
2008,68000,Petrol,third,19.7,5,120000
2017,110000,Diesel,first,22.54,5,725000
2009,77000,Petrol,second,21.79,5,185000
2010,100000,Diesel,second,18.8,5,200000
2019,10000,Petrol,first,21.21,5,615000
2016,100000,Petrol,third,15.37,7,270000
2018,35000,Petrol,first,21.4,5,610000
2014,70000,Diesel,second,11.79,8,625000
2020,5000,Petrol,second,19,5,400000
2017,37800,Petrol,first,17,5,866000
2010,114000,Petrol,first,14.3,5,700000
2010,48000,Petrol,first,15.8,5,300000
2019,32000,Diesel,first,15.1,7,1700000
2016,100000,Diesel,first,19.09,5,375000
2013,150000,Diesel,second,22.32,5,522000
2013,69000,Diesel,first,21.9,5,451999
2009,100000,Petrol,second,14.53,5,300000
2020,13000,Petrol,first,21.63,5,475000
2016,60000,Diesel,first,24.3,5,780000
2017,40000,Petrol,first,20.85,5,595000
2017,35000,Petrol,first,20.51,5,440000
2010,120000,Diesel,second,,,300000
2014,70000,Diesel,third,20.45,5,400000
2016,50000,Diesel,first,19.67,5,1140000
2017,76139,Diesel,first,23,5,850000
2012,175000,Diesel,fourth,19.3,5,370000
2018,25000,Petrol,first,23.01,5,350000
2015,40000,Petrol,second,23.1,5,360000
2013,90000,Diesel,second,20.77,7,625000
2009,80000,Petrol,second,17.92,5,135000
2015,110000,Diesel,second,20.77,7,700000
2019,1303,Petrol,first,17.8,5,690000
2018,31800,Diesel,first,17.01,5,3975000
2019,20000,Petrol,first,22.37,5,5150000
2017,45000,Diesel,first,19.33,5,3200000
2017,17000,Petrol,first,9.5,5,4100000
2019,21000,Diesel,first,12.83,7,4500000
2017,37000,Diesel,first,13.5,5,6000000
2018,29500,Diesel,first,22.48,5,3790000
2017,27000,Diesel,first,,,2150000
2019,7500,Diesel,first,16.78,5,5800000
2018,50000,Petrol,first,14.67,5,1864999
2016,35000,Diesel,first,15,5,2700000
2019,19000,Petrol,first,13.96,5,1750000
2017,41000,Petrol,first,18,5,795000
2013,39000,Petrol,first,14.28,5,625000
2018,22000,Diesel,first,18,5,3400000
2015,53000,Diesel,first,12.07,7,2650000
2015,40000,Diesel,first,26.21,5,535000
2017,47000,Diesel,first,13.5,5,5850000
2010,72200,Petrol,second,10.8,5,975000
2016,49900,Petrol,first,16.3,5,805000
2017,9000,Diesel,first,13.6,5,2625000
2018,11000,Petrol,first,17,5,811000
2011,49000,Petrol,first,15.04,5,375000
2012,95000,Petrol,first,16.3,5,550000
2016,11000,Petrol,first,14.3,5,645000
2018,18000,Petrol,first,15.04,5,2550000
2014,46100,Petrol,first,16.02,7,599000
2017,16000,Petrol,first,14.74,5,2700000
2017,18000,Petrol,first,15.6,5,875000
2019,9654,Petrol,first,19.56,5,894999
2011,11000,Petrol,first,23.95,5,175000
2012,24300,Petrol,first,21.21,5,340000
2016,42163,Diesel,second,11.36,7,1525000
2018,8000,Diesel,first,21.5,5,1025000
2016,30000,Diesel,first,22.69,5,2150000
2016,41000,Petrol,first,19.16,5,1900000
2016,12000,Diesel,first,18.12,5,2900000
2009,71000,Petrol,first,12.1,5,450000
2016,20000,Petrol,first,17.5,7,850000
2017,30000,Petrol,first,42,4,10000000
2011,100000,Diesel,second,20.54,5,300000
2018,9500,Petrol,first,18.16,5,575000
2011,120000,Diesel,first,20,5,160000
2015,36600,Petrol,first,20.4,5,515000
2015,50000,Petrol,second,20.51,5,390000
2016,14000,Petrol,second,18.6,5,550000
1999,40000,Petrol,second,16.1,4,40000
2010,120000,Diesel,first,21.1,5,220000
2015,70000,Petrol,first,18.9,5,425000
2019,13000,Petrol,first,19.44,5,480000
2014,60000,Petrol,second,18.9,5,400000
2014,35000,Petrol,first,19.1,5,487000
2016,44000,Petrol,second,19.1,5,386000
2005,120000,Petrol,second,13,5,100000
2010,60000,Diesel,first,21.43,5,300000
2000,60000,Petrol,first,18.5,5,100000
2014,30000,Diesel,second,13,7,1750000
2016,15000,Petrol,second,18.15,6,450000
2017,90000,Diesel,first,22.95,5,490000
2009,47000,Petrol,second,17,5,345000
2005,90000,Petrol,first,17.3,5,85000
2010,120600,Petrol,second,18.9,5,215000
2010,100000,Petrol,third,16.2,5,320000
2016,60000,Petrol,second,20.85,5,459999
2005,86000,Petrol,first,15.3,5,65000
2020,5000,Petrol,first,18.6,5,720000
2017,37000,Diesel,first,28.09,5,800000
2019,14000,Petrol,first,20.3,5,520000
2015,70000,Diesel,first,20.77,7,580000
2012,120000,Diesel,first,,,235000
2015,50000,Petrol,first,17.4,5,600000
2014,60000,Petrol,second,19.4,5,290000
2016,50000,CNG,first,26.6,5,360000
2017,50000,Petrol,first,20.85,5,550000
2013,70000,Petrol,first,18.5,5,375000
2003,90000,Petrol,second,,,40000
2018,35000,Petrol,first,20.51,5,420000
2017,20000,Petrol,first,21.21,5,550000
2018,20000,Petrol,first,24.7,5,270000
2018,7800,Petrol,first,22,5,700000
2017,20000,Petrol,first,20.4,5,500000
2019,15000,Diesel,first,17.6,7,1250000
2013,31377,Petrol,second,18.5,5,320000
2018,50000,Diesel,first,28.4,5,700000
2015,60000,Petrol,first,20.51,5,290000
2012,100000,Petrol,first,14.53,5,550000
2012,60000,Petrol,first,19.4,5,265000
2018,5000,Petrol,first,21.4,5,830000
2017,60000,Diesel,first,14.1,7,800000
2011,25000,Petrol,second,19.7,5,160000
2018,30000,Petrol,first,25.17,5,335000
2017,80000,Petrol,second,20.63,5,329000
2017,75000,Diesel,first,24.3,5,775000
2020,32000,Petrol,first,20.14,5,524000
2015,40000,Petrol,first,22.74,5,245000
2012,93000,Petrol,second,17,5,275000
2018,60000,Petrol,first,17.57,5,520000
2008,120000,Petrol,second,,,130000
2014,37000,Petrol,first,16.95,5,550000
2018,15000,Petrol,first,17,5,910000
2015,80000,Petrol,first,19.49,5,300000
2016,140000,Petrol,first,20.51,5,350000
2013,70000,Diesel,first,12.83,7,900000
2013,120000,Diesel,second,17.21,7,300000
2010,110000,Diesel,second,21.1,5,250000
2017,37000,Diesel,first,19.67,5,1100000
2016,44000,Petrol,first,25.17,5,270000
2015,80000,Diesel,first,20.77,7,640000
2015,125000,Diesel,first,15.1,7,650000
2017,13500,Petrol,first,15.37,5,409999
2011,75000,Petrol,first,17.92,5,165000
2007,120000,Petrol,second,13.2,5,80000
2012,120000,Diesel,first,15.1,7,535000
2013,70000,Diesel,first,12.99,7,700000
2013,70000,Diesel,first,23.4,5,550000
2019,15000,Petrol,first,19,5,680000
2009,53000,Petrol,second,20.36,5,200000
2014,120000,Diesel,second,23.4,5,500000
2016,70000,Diesel,first,24.52,7,1000000
2008,120000,Petrol,second,14.2,5,110000
2012,100000,Petrol,second,18.5,5,320000
2005,110000,Diesel,second,,,75000
2015,100000,Petrol,first,20.4,5,350000
2013,162500,Diesel,first,19.4,5,170000
2017,39000,Diesel,first,22.54,5,800000
2017,75000,Diesel,first,26.8,5,500000
2017,50000,Diesel,first,17.6,7,1380000
2019,40000,Diesel,first,17.3,8,1300000
2013,92500,Diesel,first,22.32,5,530000
2012,158000,Diesel,first,23.4,5,360000
2012,120000,Diesel,first,19.3,5,310000
2015,50000,Diesel,second,26,5,725000
2012,110000,Diesel,first,19.3,5,340000
2017,2000,Diesel,second,25.4,5,550000
2011,181000,Diesel,second,11.5,7,1150000
2016,70000,Diesel,first,27.28,5,380000
2013,90000,Petrol,second,17.97,5,350000
2019,2000,Petrol,first,18.6,5,610000
2015,20000,Petrol,first,20.85,5,525000
2011,120000,Diesel,first,12.8,7,480000
2017,35000,Diesel,first,16.55,6,780000
2012,193000,Diesel,first,19.3,5,320000
2014,80000,Petrol,first,20.4,5,375000
2019,40000,Petrol,first,19.02,5,300000
2015,70000,Diesel,fourth,22.54,5,500000
2011,122358,Diesel,first,12.05,9,404000
2015,75000,Diesel,first,14.07,7,500000
2017,120000,Diesel,first,27.28,5,350000
2015,40000,Petrol,first,17.57,5,380000
2008,95200,Petrol,third,13.2,5,114999
2014,33033,Petrol,first,19.4,5,335000
2015,63063,Petrol,first,18.9,5,465000
2012,60000,Diesel,first,21.02,5,290000
2005,45000,Petrol,second,19.7,5,110000
2011,80000,Diesel,third,11.57,7,450000
2009,170000,Diesel,second,13.6,7,400000
2007,207890,Diesel,second,13.6,7,210000
2018,7976,Diesel,first,17.9,5,4600000
2016,35000,Petrol,first,16.8,8,220000
2017,35000,Petrol,first,18.9,5,450000
2017,35000,Petrol,first,18.9,5,450000
2013,50000,Petrol,first,16.95,5,290000
2016,20000,Petrol,first,20.4,5,520000
2011,20000,Petrol,first,16.95,5,265000
2012,50000,Petrol,second,18.6,5,330000
2012,50000,Petrol,second,18.6,5,330000
2014,120000,Diesel,first,15.96,7,509999
2014,70000,Petrol,first,17.1,5,500000
2015,50000,Petrol,first,17.19,5,525000
2019,16500,Petrol,first,21.01,5,675000
2010,70000,Petrol,first,17,5,300000
2005,99361,Petrol,second,19.7,5,90000
2017,25000,Diesel,first,26.59,5,650000
2014,70000,Petrol,second,19.1,5,409000
2015,80000,Diesel,second,24,5,395000
2010,70000,Petrol,second,,,215000
2014,70000,Petrol,second,19.1,5,400000
2012,60000,Petrol,third,18.6,5,120000
2018,10000,Petrol,first,20.3,5,645000
2006,80000,Petrol,first,16.1,4,81000
2017,30000,Diesel,first,25.6,5,1300000
2017,33000,Diesel,first,25.6,5,1250000
2013,90000,Petrol,third,16.02,7,535000
2014,80100,Diesel,second,19.01,5,555000
2014,120000,Petrol,first,17.4,5,725000
1983,10000,Diesel,third,,,300000
2016,40000,Petrol,first,25.17,5,229999
2013,160000,Diesel,second,12.99,8,800000
2017,47000,Petrol,first,20.51,5,409999
2018,25000,Diesel,first,21.38,5,1210000
2017,26000,Petrol,first,23.84,5,400000
2018,29000,Diesel,first,24,5,520000
2016,50000,Petrol,first,21.4,5,650000
2011,58000,Petrol,third,16.1,5,325000
2012,120000,Petrol,first,17.4,5,420000
2014,50000,Petrol,first,20.4,5,400000
2010,80000,Petrol,fourth,17,5,254999
2003,60000,Petrol,fourth,17.3,5,65000
2017,36000,Petrol,first,23.1,5,351000
2007,120000,Diesel,third,12.8,8,404000
2011,185000,Diesel,third,21.1,5,185000
2011,50000,Diesel,first,23.08,5,250000
2002,100000,Petrol,fourth,17.3,5,60000
2013,50000,Petrol,second,17.1,5,500000
2007,80000,Petrol,second,18.2,5,85000
2005,60000,Petrol,second,,,85000
2005,80000,Petrol,fourth,19.7,5,85000
2011,90000,Diesel,fourth,19.3,5,265000
2010,162000,Petrol,second,19,5,130000
2013,110000,Diesel,third,20.77,7,480000
2008,120000,Diesel,third,17.8,5,170000
2011,45000,Diesel,first,23.08,5,275000
2005,90000,Petrol,second,18.9,5,89000
2010,90000,Diesel,second,20,5,170000
2019,16500,Petrol,first,17,5,1090000
2017,67000,Diesel,first,17.01,5,1100000
2018,52000,Petrol,first,22,5,610000
2016,40000,Petrol,first,20.63,5,335000
2015,40000,Petrol,first,18.9,5,434999
2018,35000,Diesel,first,14.24,7,3000000
2018,13000,Petrol,first,20.71,5,390000
2012,40000,Petrol,first,18.5,5,325000
2019,10000,Petrol,first,17,5,640000
2012,9000,Petrol,first,16.95,5,450000
2013,70000,Diesel,second,23.59,5,400000
2009,60000,Petrol,first,20.36,5,215000
2014,40000,Diesel,first,20.45,5,570000
2012,93000,Diesel,first,15.1,7,680000
2008,80000,Diesel,fourth,12.8,7,325000
2011,50000,Petrol,second,15.64,5,150000
2013,68000,Petrol,first,14.5,5,690000
2013,25000,Diesel,first,14.84,5,1550000
2012,18000,Petrol,first,25.4,4,64000
2013,120000,Diesel,first,23.08,5,250000
2005,35000,Petrol,first,18.9,5,65000
2016,60000,Diesel,second,26.59,5,550000
2010,70000,Petrol,fourth,20.36,5,140000
2016,30000,Petrol,first,25.17,5,300000
2016,70000,Petrol,first,16.34,5,800000
2017,9000,Diesel,first,13.6,5,2625000
2019,20000,Petrol,first,22.37,5,5150000
2017,45000,Diesel,first,19.33,5,3200000
2015,110000,Diesel,first,14.1,7,503000
2019,20000,Diesel,first,18,5,3800000
2016,68089,Petrol,first,19.16,5,2000000
2013,58343,Petrol,first,21.79,5,225000
2018,38817,Diesel,first,27.39,5,740000
2016,56494,Petrol,first,18.2,5,550000
2013,79328,Diesel,second,12.99,7,750000
2019,5621,Petrol,first,22,5,650000
2017,25538,Petrol,first,16.78,5,625000
2018,69779,Petrol,first,22,5,600000
2017,56290,Diesel,first,24,5,450000
2019,7500,Diesel,first,16.78,5,5400000
2019,8500,Diesel,first,16.78,5,5500000
2019,7032,Petrol,first,19,5,779000
2016,11000,Petrol,first,14.3,5,645000
2018,2000,Diesel,first,16.8,5,2475000
2010,106000,Petrol,third,20.36,5,150000
2012,162000,Diesel,third,,,265000
2009,120000,Petrol,second,11.1,5,500000
2015,90000,Diesel,first,26.59,5,480000
2014,70000,Diesel,third,22.32,5,535000
2005,240000,Diesel,third,12.8,8,250000
2012,100000,Diesel,second,21.5,5,300000
2009,214000,Petrol,second,13.9,5,340000
2009,214000,Diesel,second,16.8,5,340000
2016,50000,Petrol,first,22.74,5,240000
2018,1000,Petrol,first,18,5,1085000
2017,19000,Diesel,first,28.4,5,750000
2012,265000,Diesel,second,17,5,95000
2020,35000,CNG,first,20.88,5,409999
2014,80000,Petrol,second,23.95,5,215000
2016,50000,Diesel,first,16,7,1290000
2010,80000,Petrol,first,20.92,5,150000
2013,50000,Petrol,second,21.1,5,219000
2018,100000,Petrol,first,23.84,5,325000
2013,120000,Petrol,second,15.1,5,260000
2017,9000,Diesel,first,13.6,5,2625000
2019,20000,Petrol,first,22.37,5,5150000
2017,45000,Diesel,first,19.33,5,3200000
2015,110000,Diesel,first,14.1,7,503000
2019,20000,Diesel,first,18,5,3800000
2016,68089,Petrol,first,19.16,5,2000000
2013,58343,Petrol,first,21.79,5,225000
2018,38817,Diesel,first,27.39,5,740000
2016,56494,Petrol,first,18.2,5,550000
2013,79328,Diesel,second,12.99,7,750000
2019,5621,Petrol,first,22,5,650000
2017,25538,Petrol,first,16.78,5,625000
2018,69779,Petrol,first,22,5,600000
2017,56290,Diesel,first,24,5,450000
2019,7500,Diesel,first,16.78,5,5400000
2019,8500,Diesel,first,16.78,5,5500000
2019,7032,Petrol,first,19,5,779000
2016,11000,Petrol,first,14.3,5,645000
2018,2000,Diesel,first,16.8,5,2475000
2019,40000,Diesel,first,23.8,5,700000
2017,45000,Diesel,first,21.38,5,950000
2010,80000,Petrol,second,19.7,5,160000
2015,135000,Diesel,second,24.4,5,409999
2015,120000,Diesel,second,12.99,7,840000
2013,67000,Diesel,first,23.59,5,450000
2017,50000,Diesel,first,28.4,5,900000
2008,134000,Diesel,second,12.8,7,570000
2011,110000,Diesel,second,23.08,5,254999
2009,40000,Petrol,first,16.1,4,130000
2013,120000,Diesel,second,23.4,5,530000
2015,110000,Diesel,second,20.14,5,520000
2011,170000,Diesel,second,21,5,229999
2004,80000,Petrol,second,16.1,4,81000
2016,47000,Diesel,first,25.2,5,600000
2015,93000,Petrol,first,19.1,5,409999
2010,70000,Petrol,second,16.1,4,120000
2014,50000,Petrol,first,23.1,5,320000
2015,70000,Diesel,first,20,5,292000
2012,80000,Diesel,first,13.93,7,390000
2016,44000,Petrol,first,18.16,5,550000
2014,25000,Petrol,first,23.1,5,385000
2016,25000,Petrol,first,15.29,5,800000
2019,10000,Petrol,first,21.21,5,675000
2018,50000,Diesel,first,17.6,7,1525000
2018,30000,Diesel,first,23,5,950000
2015,50000,Diesel,second,21.19,5,610000
2012,120000,Diesel,first,22.54,5,525000
2019,40000,Diesel,first,23.8,5,700000
2015,80000,Diesel,first,15.96,7,375000
2015,90000,Diesel,first,20.45,5,580000
2015,50000,Petrol,second,20.4,5,434999
2020,2136,Petrol,first,22.5,5,350000
2012,250000,Diesel,first,12.99,7,730000
2015,35000,Petrol,first,18.6,5,600000
2015,120000,Diesel,first,12.99,7,1050000
2017,70000,Diesel,first,27.39,5,735000
2018,18000,Diesel,first,19.6,5,1050000
2016,110000,Diesel,second,18.2,7,420000
2017,60000,Diesel,first,23.65,5,800000
2015,60000,Diesel,first,12.55,7,2000000
2016,147000,Diesel,second,26.59,5,600000
2015,130000,Diesel,first,12.55,7,1900000
2011,99500,Diesel,third,11.5,7,500000
2011,110000,Diesel,second,17,5,200000
2016,35000,Petrol,first,19.49,5,370000
2010,110000,Diesel,second,16.2,5,260000
2016,100000,Diesel,first,25.32,6,280000
2014,21000,Petrol,first,16.02,7,610000
2013,60000,Diesel,second,23.5,5,300000
2010,40000,Diesel,first,16.6,5,140000
2008,50000,Petrol,first,19.81,5,229999
2010,65000,Petrol,second,19,5,200000
2011,80000,Petrol,first,18.9,5,200000
2015,119000,Diesel,first,23.9,5,560000
2016,80000,Diesel,first,24.52,7,750000
2017,90000,Diesel,first,25.2,5,585000
2016,20000,Petrol,first,17.01,5,760000
2014,80000,Diesel,second,25.2,5,430000
2020,44665,Diesel,first,25.32,6,480000
2019,10000,Diesel,first,20.8,5,643000
2018,60000,Petrol,first,20.14,5,500000
2016,22000,Petrol,first,18.5,5,425000
2014,25000,Petrol,first,22.74,5,250000
2016,70000,Diesel,first,27.62,5,285000
2008,123000,Petrol,third,17.5,5,160000
2011,70000,Diesel,second,20.54,5,250000
2013,70000,Petrol,second,18.6,5,170000
2013,45000,Diesel,first,23.59,5,409999
2015,40000,Petrol,first,18.9,5,400000
2019,30000,Diesel,first,28.4,5,700000
2007,90000,Petrol,first,12.9,5,350000
2016,34000,Petrol,second,17.5,7,660000
2017,25000,Petrol,first,24.7,5,268000
2016,50000,Petrol,first,22.74,5,270000
2013,50000,Diesel,first,25.44,5,300000
2017,90000,Petrol,first,23.84,5,450000
2012,70000,Diesel,second,25.44,5,220000
2009,146000,Diesel,second,13.93,7,250000
2012,85000,Petrol,second,15.6,5,300000
2009,201850,Diesel,second,17.88,5,88000
2016,30000,Diesel,first,26.59,5,561000
2018,15000,Diesel,first,28.4,5,755000
2017,25000,Petrol,first,22.7,5,235000
2011,90000,Petrol,first,20.92,5,165000
2008,80000,Diesel,second,19.3,5,190000
2011,50000,Diesel,first,17.2,5,110000
2012,80000,Diesel,second,13.6,8,320000
2010,110000,Diesel,second,,,330000
2016,38000,Petrol,first,18.6,5,540000
2013,60000,Petrol,first,21.1,5,180000
2016,100000,Petrol,third,15.37,7,270000
2012,30000,Petrol,first,17.5,5,450000
2014,30000,Petrol,first,19.1,5,450000
2015,50000,Petrol,first,18.6,5,200000
2017,42000,Petrol,first,23.84,5,425000
2016,30000,Petrol,first,18.2,5,400000
2009,60000,Petrol,third,19.7,5,125000
2018,14000,Diesel,first,17.1,5,1600000
2015,22000,Petrol,first,17.4,5,900000
2012,90000,Diesel,first,20.54,5,450000
2011,46000,Petrol,first,20.92,5,210000
2018,20000,Petrol,first,18.6,5,801000
2014,15000,Diesel,first,15.42,7,317000
2015,40000,Petrol,second,16.02,7,600000
2014,30000,Petrol,second,18.5,5,330000
2017,15000,Petrol,second,21.1,5,320000
2010,50000,Petrol,first,,,160000
2007,110000,Petrol,second,15.3,5,120000
2009,70000,Petrol,second,19.7,5,130000
2015,80000,Petrol,first,18.2,5,220000
2008,50000,Diesel,third,,,229999
2015,110000,Petrol,first,17.57,5,340000
2013,70000,Diesel,second,19.68,5,200000
2002,50000,Petrol,second,19.7,5,140000
2013,190000,Diesel,first,12.99,8,1000000
2010,100000,Diesel,second,13.6,7,495000
2015,60000,Petrol,first,22.74,5,236000
2015,40000,Petrol,first,20.51,5,390000
2009,90000,Diesel,second,19.3,5,275000
2015,110000,Diesel,first,14.1,7,503000
2017,32000,Diesel,first,24.3,5,775000
2016,30000,Diesel,first,11.36,7,1800000
2016,58000,Diesel,first,19.67,5,850000
2018,5000,Diesel,first,24.3,5,750000
2018,25000,Petrol,first,18.6,5,570000
2018,32000,Petrol,first,18.9,5,580000
2016,30000,Petrol,first,18.7,5,484999
2017,43000,Petrol,first,15.4,7,700000
2012,60000,Petrol,first,17.7,5,415000
2015,50000,Petrol,first,19.34,5,325000
2018,14200,Petrol,first,18.16,5,550000
2017,10000,Petrol,first,21.1,5,300000
2018,25000,Petrol,first,22.7,5,217000
2018,19100,Petrol,first,19,5,700000
2019,25000,Petrol,fourth,20.3,5,466000
2014,54000,Diesel,first,23,5,484999
2018,35000,Diesel,first,22.71,5,670000
2018,20000,Petrol,second,18.9,5,500000
2016,52000,Diesel,first,23.65,5,675000
2011,120000,Diesel,second,23,5,220000
2017,50000,Diesel,first,17.1,5,1650000
2013,120000,Diesel,second,20.77,7,630000
2010,90000,Diesel,second,18.8,5,250000
2004,120000,Petrol,third,18.9,5,120000
2015,101500,Diesel,second,21.14,5,300000
2013,75000,Diesel,first,22.32,5,525000
2011,97500,Petrol,first,,,204999
2011,97500,Petrol,first,,,204999
2016,100000,Diesel,first,15.4,7,1100000
2012,55735,Diesel,second,19.01,5,480000
2014,80000,Diesel,second,15.1,7,605000
2016,50000,Petrol,second,24.7,5,250000
2013,70000,Diesel,second,20,5,245000
2012,76000,Petrol,fourth,20.36,5,210000
2020,1500,Petrol,first,21.21,5,730000
2012,76000,Diesel,first,15.96,7,500000
2015,40000,Petrol,first,20.51,5,400000
2015,60000,Petrol,second,21.1,5,280000
2009,170000,Diesel,third,12.8,8,561000
2013,181491,Diesel,first,13.5,7,950000
2016,53319,Diesel,first,25.44,5,375000
2017,40906,Diesel,first,21.66,5,700000
2012,31711,Petrol,second,17.6,5,375000
2012,43755,Petrol,second,21.1,5,270000
2016,66693,Petrol,first,25.17,5,300000
2010,59549,Petrol,first,19,5,225000
2015,94385,Diesel,first,12.99,8,1350000
2010,73730,Petrol,first,18.2,5,200000
2011,221889,Diesel,first,22.32,5,400000
2013,116104,Diesel,first,25.8,5,500000
2015,150546,Petrol,first,22,5,500000
2013,148120,Diesel,first,14.24,7,1500000
2015,20000,Petrol,second,15.8,5,555000
2018,30000,Petrol,first,18.9,5,580000
2011,142000,Diesel,third,13.7,7,337000
2011,20000,Diesel,first,12.2,10,175000
2009,120000,Diesel,second,18.8,5,180000
2011,80000,Petrol,first,19.81,5,200000
2016,60000,Diesel,first,19.09,5,260000
2016,25000,Petrol,first,23.01,5,350000
2011,50000,Diesel,second,13.6,7,409999
2017,126000,Diesel,first,18.49,7,655000
2015,170000,Diesel,first,26.59,5,370000
2013,24000,Petrol,first,22.74,5,200000
2017,100000,Diesel,second,24.52,7,800000
2019,10000,Petrol,first,24,5,550000
2012,70000,Diesel,second,20,5,300000
2017,40000,Petrol,first,16.8,8,220000
2011,110000,Petrol,first,18.9,5,196000
2008,80000,Petrol,second,19.81,5,135000
2015,16500,Petrol,first,17.57,5,299000
2017,30000,Petrol,first,23.95,5,300000
2017,80000,Diesel,first,24.52,7,720000
2016,50000,Diesel,third,14.1,7,650000
2016,25000,Petrol,first,23.95,5,300000
2019,20000,Diesel,first,24,5,750000
2016,60000,Petrol,first,25.17,5,260000
2011,70000,Diesel,second,22.9,5,300000
2014,50000,Diesel,second,15.96,7,600000
2004,100000,Petrol,second,9,5,275000
2015,52000,Petrol,first,23.95,5,250000
2014,80000,Diesel,first,23.4,5,420000
2015,50000,Petrol,first,21.1,5,235000
2016,60000,Diesel,first,15.4,7,1100000
2019,25000,Petrol,first,23.95,5,360000
2014,50000,Diesel,second,24,5,380000
2016,125000,Diesel,first,22.77,5,650000
2016,80000,Petrol,first,20.51,5,350000
2017,70000,Diesel,first,15.96,9,700000
2010,90000,Diesel,third,23,5,270000
2017,50000,Diesel,first,22.95,5,450000
2016,101000,Diesel,first,16.55,6,630000
2010,168000,Diesel,first,14,7,229999
2010,168000,Diesel,first,14,7,229999
2011,40000,Petrol,first,18.9,5,270000
2009,28900,Petrol,second,0,5,135000
2012,20000,Petrol,first,18.9,5,275000
2017,9000,Diesel,first,13.6,5,2625000
2019,20000,Petrol,first,22.37,5,5150000
2017,45000,Diesel,first,19.33,5,3200000
2015,110000,Diesel,first,14.1,7,503000
2019,20000,Diesel,first,18,5,3800000
2016,68089,Petrol,first,19.16,5,2000000
2013,58343,Petrol,first,21.79,5,225000
2018,38817,Diesel,first,27.39,5,740000
2016,56494,Petrol,first,18.2,5,550000
2013,79328,Diesel,second,12.99,7,750000
2019,5621,Petrol,first,22,5,650000
2017,25538,Petrol,first,16.78,5,625000
2018,69779,Petrol,first,22,5,600000
2017,56290,Diesel,first,24,5,450000
2019,7500,Diesel,first,16.78,5,5400000
2019,8500,Diesel,first,16.78,5,5500000
2019,7032,Petrol,first,19,5,779000
2016,11000,Petrol,first,14.3,5,645000
2018,2000,Diesel,first,16.8,5,2475000
2015,165000,Diesel,first,18.49,7,634000
2012,98500,Petrol,second,19,5,235000
2008,98000,Petrol,third,20.36,5,275000
2014,40000,Diesel,second,16.55,6,700000
2013,90000,Diesel,first,20.3,5,400000
2012,90000,Petrol,third,19.7,5,215000
2009,110000,Diesel,second,17.1,5,150000
2018,77800,Diesel,first,25.1,5,950000
2015,100000,Diesel,first,18.49,7,730000
2012,120000,Diesel,second,19,5,135000
2016,80000,Petrol,second,19.1,5,350000
2018,21000,Petrol,second,18.15,6,535000
2018,100000,Petrol,second,19,5,455000
2019,25000,Petrol,first,21.21,5,655000
2019,30000,Diesel,third,23,5,800000
2018,25000,Petrol,first,17.8,5,1100000
2016,40000,Diesel,first,13,5,3000000
2012,160000,Diesel,first,11.5,7,1225000
2018,51492,Petrol,first,18.15,6,340000
2011,72000,Diesel,second,20.54,5,300000
2016,60000,Petrol,first,18.16,5,370000
2013,136000,Diesel,second,15.96,7,330000
2014,60000,Petrol,first,17.92,5,238000
2006,110000,Petrol,second,,,72000
2013,90000,Petrol,first,17.92,5,200000
2014,91000,Diesel,fourth,22.71,5,320000
2009,90000,Petrol,fourth,17.92,5,114999
2015,50000,Petrol,second,20.51,5,320000
2010,20000,Petrol,first,19.81,5,210000
2011,120000,Diesel,first,14,8,200000
2009,150000,Petrol,second,18.9,5,135000
2015,52000,Diesel,first,19.09,5,350000
2014,167000,Diesel,second,13.6,8,350000
2017,40000,Diesel,first,28.4,5,680000
2010,190000,Diesel,second,17.8,5,200000
2016,50000,Petrol,first,23.01,5,300000
2011,70000,Diesel,second,14,7,270000
2012,80000,Petrol,second,18.9,5,225000
2008,120000,Diesel,first,13.6,8,250000
2015,40000,Diesel,second,18.49,7,590000
2015,17000,Petrol,first,21.1,5,290000
2010,180000,Petrol,second,19,5,100000
2016,50000,Petrol,first,23.1,5,395000
2014,65000,Petrol,second,21.1,5,195000
2011,10000,Petrol,third,26,4,45000
2009,70000,Diesel,second,13.6,8,270000
2014,90000,Diesel,second,13.58,9,600000
2015,50000,Diesel,first,22.54,5,715000
2019,10000,Petrol,first,18.6,5,600000
2019,25000,Diesel,first,18.49,7,875000
2011,100000,Diesel,second,13.5,5,420000
2007,70000,Petrol,second,10.1,5,325000
2017,30000,Petrol,first,20.63,5,385000
2016,40000,Petrol,first,18.15,6,300000
2012,135000,Diesel,first,21.9,5,335000
2014,35000,Petrol,first,23.1,5,300000
2004,120000,Petrol,second,13.2,5,80000
2012,120000,Diesel,first,15.96,7,400000
2012,190000,Diesel,second,19.09,5,168000
2016,120000,Diesel,first,15.96,9,550000
2012,120000,Diesel,second,,,300000
2011,175000,Diesel,third,13.6,7,320000
2011,175000,Diesel,third,15.96,9,320000
2011,25000,Petrol,second,16.95,5,350000
2013,80000,Diesel,first,21.02,5,280000
2017,70000,Diesel,second,24.4,5,550000
2018,10000,Petrol,first,20.14,5,500000
2019,6000,Petrol,first,19,5,700000
2013,90000,Diesel,second,20.5,5,380000
2012,110000,Diesel,second,15.96,9,340000
2007,120000,Diesel,third,13.6,9,160000
2014,50000,Diesel,first,12.99,7,750000
2018,20000,Petrol,first,18.9,5,531000
2017,35000,Petrol,first,23.01,5,300000
2014,60000,Diesel,second,20.14,5,350000
2010,68000,Petrol,fourth,18.6,5,150000
2015,30000,Petrol,first,20.4,5,450000
2017,54000,Diesel,first,16,7,1625000
2006,65000,Petrol,third,,,140000
2004,80000,Diesel,third,,,250000
2006,120000,Diesel,third,16.8,5,85000
2018,30000,Petrol,first,18.9,5,450000
2011,55113,Petrol,first,,,170000
2017,50000,Diesel,first,27.28,5,360000
2020,6000,Petrol,first,23.95,5,390000
2011,50000,Petrol,second,15.37,7,145000
2012,90000,Diesel,third,12.05,8,540000
2008,126000,Diesel,third,12.8,8,290000
2013,90000,Diesel,first,25,5,300000
2017,80000,Petrol,first,18.16,5,565000
2011,70000,Diesel,second,10.5,7,441000
2003,80000,Petrol,second,,,50000
2011,80000,Petrol,second,21.1,5,180000
2013,80000,Petrol,second,21.1,5,200000
2005,150000,Petrol,second,19.7,5,85000
2006,110000,Diesel,fourth,17.88,5,67500
2016,110000,Diesel,second,24.3,5,700000
2010,80000,Diesel,fourth,22.07,5,275000
2019,20000,Petrol,first,18.9,5,600000
2011,120000,Diesel,first,13,8,250000
2016,120000,Diesel,first,15.96,9,600000
2010,80000,Diesel,second,20.4,5,200000
2015,91500,Diesel,second,24,5,425000
2012,120000,Diesel,second,19.3,5,420000
2012,100000,Diesel,second,23,5,321000
2012,120000,Diesel,fourth,14,8,350000
2017,80000,Petrol,first,17.8,5,490000
2015,90000,Diesel,first,15.4,7,680000
2016,70000,Petrol,first,23.95,5,298000
1999,110000,Petrol,second,,,80000
2011,150000,Diesel,fourth,13.5,5,450000
2010,60000,Petrol,second,,,400000
2012,40000,Diesel,first,22.3,5,250000
2013,110000,Diesel,third,12.8,7,1075000
2017,20000,Petrol,first,18.9,5,500000
2019,10000,Petrol,first,19,5,681000
2014,90000,Diesel,second,15.1,7,650000
2008,70000,Petrol,second,15.26,5,80000
2009,120000,Diesel,first,13.6,7,290000
2006,120000,Diesel,second,10.5,8,220000
2009,90000,Petrol,second,0,5,120000
2017,80000,Petrol,first,22.7,5,229999
2003,132478,Diesel,second,13.6,7,150000
2014,45000,Petrol,first,19.1,5,500000
2013,120000,Diesel,first,19.09,5,175000
2019,10000,Petrol,first,19,5,720000
2012,51000,Petrol,first,16.1,4,100000
2009,105000,Petrol,second,12.9,5,250000
2014,100000,Diesel,first,15.1,7,810000
2010,30000,Petrol,third,19.7,5,165000
2016,60000,Diesel,second,12.2,10,409999
2013,86000,Diesel,second,22.9,5,430000
2015,15000,Petrol,first,20.62,7,300000
2011,137500,Diesel,third,19.3,5,350000
2018,60000,Petrol,first,23.01,5,400000
2016,70000,Diesel,first,18.2,7,420000
2015,5000,Petrol,first,20.51,5,430000
2017,30000,Petrol,first,20.4,5,573000
2015,40000,Petrol,first,21.1,5,210000
2015,60000,Diesel,first,19.01,5,600000
2008,70000,Petrol,third,17.7,5,150000
2019,15000,Petrol,first,20.3,5,550000
2011,110000,Diesel,second,19.3,5,320000
2000,70000,Petrol,fourth,16.1,4,80000
2019,10000,Diesel,first,27.4,5,800000
2013,60000,Petrol,first,16.02,7,500000
2011,110000,Diesel,second,18.8,5,229999
2013,60000,Petrol,first,16.02,7,500000
2015,35000,Petrol,first,18.6,5,630000
2016,70000,Petrol,second,16.8,8,190000
2011,110000,Diesel,second,18.8,5,229999
2011,100000,Diesel,second,13.6,7,450000
2008,120000,Petrol,first,19.7,5,95000
2009,90000,Petrol,fourth,19.7,8,101000
2016,70000,Diesel,second,25.8,5,500000
2014,88000,Diesel,second,12.99,7,1019999
2012,38000,Petrol,first,21.1,5,244000
2013,90000,Petrol,second,20.51,5,250000
2016,60000,Petrol,first,21.4,5,660000
2010,60000,Petrol,first,18.5,5,270000
2012,156060,Diesel,first,23.2,5,280000
2017,60000,Diesel,first,19.67,5,1050000
2017,70000,Petrol,first,20.85,5,525000
2017,35000,Diesel,first,23.9,5,850000
2016,50000,Diesel,first,16,7,1165000
2012,50000,Petrol,second,18.6,5,345000
2007,100000,Petrol,second,17.8,5,95000
2015,15000,Petrol,first,22.74,5,241000
2015,20000,Petrol,first,22.74,5,235000
2015,80000,Diesel,first,22.77,5,615000
2014,110000,Diesel,second,20.8,5,350000
2014,35000,Petrol,first,20.51,5,350000
2014,35000,Petrol,first,20.51,5,380000
2017,140000,Diesel,first,14.07,7,400000
2010,40000,Petrol,first,19,5,220000
2008,110000,Diesel,third,14.4,7,270000
2012,70000,Petrol,second,18.5,5,275000
2009,100000,Diesel,second,17,5,125000
2015,20000,Petrol,first,19.81,5,360000
2019,15000,Petrol,first,18.9,5,550000
2011,70000,Petrol,second,16.6,5,200000
2016,20000,Petrol,first,18.15,6,327000
2016,15000,Petrol,first,19.81,5,425000
2017,107000,Diesel,first,28.4,5,620000
2011,54000,Diesel,second,18.4,5,130000
2009,58000,Petrol,first,19.7,5,120000
2011,110000,Diesel,second,12.05,8,400000
2007,90000,Diesel,fourth,16.8,5,185000
2015,43000,Petrol,second,20.3,5,204999
2017,43000,Diesel,first,28.4,5,625000
2013,60000,Diesel,first,20.77,7,600000
2011,150000,Petrol,first,12.8,5,150000
2017,35000,Petrol,first,23.01,5,300000
2013,46000,Petrol,first,18.2,5,229999
2018,10000,Petrol,first,16.8,8,220000
2016,35000,Petrol,first,18.6,5,576000
2016,50000,Petrol,first,25.17,5,265000
2005,60000,Petrol,third,,,50000
2011,80000,Diesel,first,22.32,5,300000
2017,110000,Diesel,first,24.7,5,420000
2015,14000,Diesel,first,20.77,7,750000
2012,60000,CNG,second,30.46,5,165000
2017,28000,Petrol,first,25.17,5,290000
2011,57000,Petrol,first,21.1,5,160000
2017,50000,Diesel,first,26.59,5,695000
2012,70000,LPG,first,26.2,5,231000
2015,60000,Diesel,first,21.43,5,1050000
2013,70000,Petrol,first,18.5,5,400000
2016,40000,Petrol,first,18.6,5,500000
2010,120000,Diesel,second,21.12,5,150000
2016,140000,Diesel,second,14.02,7,400000
2010,100000,Diesel,second,17,5,120000
2014,120000,Diesel,second,14.02,7,480000
2013,120000,Diesel,second,19.09,5,200000
2012,64000,Diesel,second,17.8,5,300000
2015,25000,Petrol,first,23.1,5,350000
2019,12000,Petrol,first,20,7,580000
2012,70000,Diesel,second,25.44,5,200000
2016,120000,Diesel,first,11,5,750000
2016,90000,Petrol,first,25.17,5,261000
2015,40000,Petrol,first,18.2,5,371000
2010,300000,Diesel,third,13.6,7,320000
2012,120000,Diesel,second,19.09,5,204999
2003,90000,Petrol,second,13.2,5,110000
2009,100000,Diesel,fourth,17.7,5,150000
2016,90000,Diesel,second,15.96,7,625000
2017,50000,Diesel,second,15.4,7,1300000
2015,168000,Diesel,first,20.6,5,900000
2010,110000,Diesel,second,20,5,180000
2010,120000,Diesel,second,13.6,7,421000
2012,120000,Diesel,second,19.09,5,204999
2017,40000,Diesel,first,25.5,5,900000
2006,110000,Petrol,second,17.7,5,165000
2010,100000,Diesel,fourth,21.9,5,270000
2017,40000,Diesel,first,24.3,5,750000
2019,30000,Petrol,first,18.6,5,750000
2002,80000,Petrol,third,16.1,4,40000
2011,90000,Diesel,second,20,5,190000
2009,200000,Diesel,third,12.8,7,395000
2010,125000,Diesel,second,11.5,7,800000
2011,80000,Petrol,first,17,5,315000
2014,44000,Diesel,second,16.55,5,1600000
2013,90000,Diesel,first,23.59,5,409999
2018,32000,Petrol,first,18.9,5,580000
2013,70000,Petrol,first,18.5,5,340000
2015,43000,Petrol,first,21.1,5,270000
2017,80000,Diesel,first,22.95,5,280000
2012,60000,Diesel,first,22.3,5,130000
2014,18945,Petrol,first,21.1,5,260000
2018,70000,Diesel,first,24,5,710000
2013,100000,Petrol,third,15.1,7,204999
2017,60000,Petrol,first,20.62,7,300000
2009,144000,Diesel,second,19.3,5,180000
2016,120000,Diesel,first,18.49,7,700000
2012,107825,Diesel,second,21.9,5,320000
2020,15000,Petrol,first,22.05,5,370000
2018,10000,Petrol,first,25.17,5,340000
2019,1620,Petrol,first,19.01,6,1040000
2018,30000,Diesel,first,21.19,5,750000
2018,70000,Diesel,first,18.49,9,600000
2016,70000,Diesel,first,15.96,9,550000
2013,95000,Diesel,second,12.99,7,600000
2017,50000,Diesel,first,24.7,5,550000
2015,160000,Diesel,first,25.1,5,750000
2019,10000,Petrol,first,20.3,5,450000
2012,100000,Diesel,third,20.77,7,400000
2016,50000,Diesel,second,25.2,5,520000
2013,60000,Petrol,second,20.2,5,199000
2012,110000,Diesel,first,25.44,5,150000
2016,80000,Diesel,third,21.19,5,540000
2011,85000,Diesel,second,21.5,5,250000
2010,90000,Petrol,second,18.9,5,200000
2011,90000,Diesel,second,25,5,130000
2007,90000,Petrol,first,16.1,4,90000
2012,120000,Diesel,second,22.32,5,450000
2009,120000,Diesel,first,18.1,5,280000
2007,160000,Diesel,second,13.93,7,280000
2006,141000,Petrol,second,17.3,5,120000
2008,100000,Diesel,second,17.8,5,290000
2019,15000,Diesel,first,22.1,5,1000000
2012,108000,Diesel,first,19.3,5,415000
2012,108000,Diesel,first,23.4,5,415000
2015,55000,Diesel,first,25.44,5,240000
2010,37944,Diesel,first,18.4,5,250000
2011,90400,Diesel,first,20,5,175000
2008,85000,Diesel,second,16.8,5,220000
2003,120000,Diesel,third,20.8,5,85000
2019,5000,Petrol,first,21.21,5,675000
2016,50000,Diesel,first,19.87,5,535000
2019,5000,Petrol,first,20,7,675000
2016,90000,Diesel,first,24.3,5,800000
2012,96000,Diesel,second,20.77,7,425000
2011,80000,Petrol,third,15.37,5,150000
2007,60000,Petrol,second,18.2,5,90000
2015,90000,Diesel,first,15.1,7,850000
2008,193623,Diesel,second,12.8,8,330000
2017,63186,Diesel,first,22.54,5,850000
2008,219000,Diesel,second,13.6,7,305000
2013,110000,Diesel,second,12.99,7,910000
2012,151000,Diesel,first,12.8,8,1100000
2019,5000,Petrol,first,21.4,5,675000
2010,91500,Petrol,first,19.7,5,150000
2015,23000,Diesel,first,25.2,5,550000
2012,40000,Diesel,first,20.54,5,350000
2012,70000,Diesel,first,23.2,5,300000
2018,10000,Diesel,first,11.36,7,1745000
2014,90000,Diesel,second,14,7,611000
2016,68000,Petrol,first,19.4,5,400000
2013,120000,Diesel,first,22.7,5,700000
2013,65000,Diesel,first,22.1,5,300000
2005,85000,Petrol,first,15.3,5,65000
2011,94000,Petrol,third,18.9,5,200000
2015,100000,Diesel,first,22.54,5,650000
2015,80000,Diesel,first,22.54,5,650000
2013,80000,Diesel,third,22.07,5,350000
2011,140500,Diesel,third,17.88,5,75000
2010,143000,Petrol,first,17.5,5,240000
2013,60000,Petrol,first,20.92,5,240000
2011,120000,Diesel,second,18.4,5,180000
2014,80000,Diesel,second,13.01,7,900000
2014,63000,Diesel,second,18.06,7,425000
2009,120000,Petrol,third,18,5,95000
2018,100000,Diesel,first,28.4,5,811000
2018,60000,Petrol,first,17,5,1100000
2013,90000,Diesel,first,13.58,9,600000
2014,50000,Diesel,second,20.77,7,550000
2015,70000,Diesel,first,15.4,7,715000
2010,40000,Diesel,first,,,300000
2006,120000,Diesel,third,16.1,5,100000
2013,195000,Diesel,first,14,8,500000
2013,40000,Petrol,first,20.51,5,350000
2008,40000,Diesel,first,16.8,5,100000
2012,120000,Diesel,first,13.93,7,325000
2012,360003,Petrol,second,18.9,5,220000
1999,60000,Petrol,second,16.1,4,55000
2016,20000,Petrol,first,25.17,5,330000
2014,37000,Diesel,first,15.96,7,480000
2018,57000,Diesel,second,25.1,5,950000
2011,110000,Diesel,second,16.2,5,300000
2006,110000,Petrol,fourth,13.9,5,170000
2013,120000,Diesel,second,12.99,8,850000
2019,8079,Diesel,first,24.7,5,900000
2015,114368,Diesel,second,12.99,7,1325000
2012,79990,Diesel,second,17.8,5,350000
2012,81632,Diesel,first,20,5,425000
2016,155201,Diesel,first,26.1,5,600000
2014,101504,Diesel,first,22.7,5,750000
2012,90165,Diesel,first,17.8,5,450000
2010,86017,Diesel,second,25.5,5,325000
2013,85036,Diesel,second,15.1,7,900000
2013,160254,Diesel,second,,,350000
2013,125531,Diesel,second,22.77,5,600000
2019,10000,Petrol,first,17,5,1100000
2017,20000,Petrol,first,23.84,5,520000
2015,170000,Diesel,first,15.4,7,885000
2018,40000,Diesel,first,21.5,5,950000
2008,120000,Petrol,second,17,5,229999
2013,100000,Diesel,third,23.2,5,409999
2011,110000,Diesel,third,17.8,5,300000
2008,120000,Diesel,third,16.8,5,175000
2000,206000,Petrol,fourth,19.7,5,108000
2017,40000,Petrol,second,23.1,5,425000
2011,170000,Diesel,fourth,16.52,5,272000
2013,70000,Petrol,first,19.81,5,310000
2017,105000,Diesel,first,21.38,5,1125000
2014,46000,Petrol,second,19.1,5,450000
2011,80000,Diesel,second,22.07,5,388000
2011,60000,Petrol,first,16.2,5,400000
2015,70000,Diesel,third,25.1,5,760000
2009,90000,Petrol,first,19.7,5,120000
2019,25000,Diesel,first,28.4,5,757000
2015,53000,Petrol,second,22.74,5,270000
2011,90000,Diesel,second,13.55,7,250000
2011,60000,Diesel,first,12.8,7,800000
2014,150000,Diesel,first,13,7,1380000
2014,24000,Diesel,first,16.55,6,700000
2016,100000,Diesel,second,24.2,7,450000
2018,6000,Petrol,first,18.15,6,650000
2013,49700,Diesel,first,15.1,7,950000
2007,80000,Diesel,second,12.8,7,626000
2000,100000,Diesel,first,,,200000
2019,10000,Petrol,first,21.21,5,600000
2019,21000,Petrol,first,25.17,5,290000
2013,25000,Petrol,first,20.92,5,215000
2016,22000,Petrol,first,25.17,5,250000
2017,50000,Diesel,first,24.52,7,750000
2016,20000,Petrol,second,23.95,5,250000
2017,15000,Petrol,first,15.4,7,950000
2018,30000,Diesel,first,25.83,5,793000
2015,74000,Diesel,first,19.67,5,750000
2017,6550,Petrol,first,18.2,5,725000
2016,30000,Diesel,first,24,5,480000
2013,56000,Diesel,first,11.2,4,3750000
2018,41779,Petrol,first,21.21,5,795000
2016,54000,Petrol,first,18.7,5,625000
2016,31000,Diesel,first,13,5,2900000
2017,37000,Diesel,first,26.8,5,625000
2011,90000,Diesel,second,18.1,4,440000
2018,13534,Petrol,first,14.28,5,1400000
2017,7000,Petrol,second,14.53,5,1450000
2017,23000,Diesel,first,17.9,5,2700000
2019,43000,Diesel,first,11.36,8,1925000
2020,5000,Diesel,first,17.8,5,1900000
2017,70000,Diesel,first,28.09,5,844999
2016,99000,Diesel,first,21.66,5,650000
2018,15000,Petrol,first,22,5,750000
2018,28156,Diesel,first,17.09,4,6000000
2015,30000,Petrol,first,18.7,5,610000
2018,100000,Diesel,first,12.9,7,2940000
2017,63309,Diesel,first,19.67,5,1150000
2016,94000,Diesel,first,11.36,7,1825000
2018,29000,Petrol,first,17.4,5,890000
2017,9000,Diesel,first,13.6,5,2625000
2019,20000,Petrol,first,22.37,5,5150000
2017,45000,Diesel,first,19.33,5,3200000
2015,110000,Diesel,first,14.1,7,503000
2019,20000,Diesel,first,18,5,3800000
2016,68089,Petrol,first,19.16,5,2000000
2013,58343,Petrol,first,21.79,5,225000
2018,38817,Diesel,first,27.39,5,740000
2016,56494,Petrol,first,18.2,5,550000
2013,79328,Diesel,second,12.99,7,750000
2019,5621,Petrol,first,22,5,650000
2017,25538,Petrol,first,16.78,5,625000
2018,69779,Petrol,first,22,5,600000
2017,56290,Diesel,first,24,5,450000
2019,7500,Diesel,first,16.78,5,5400000
2019,8500,Diesel,first,16.78,5,5500000
2019,7032,Petrol,first,19,5,779000
2016,11000,Petrol,first,14.3,5,645000
2018,2000,Diesel,first,16.8,5,2475000
2017,9000,Diesel,first,13.6,5,2625000
2019,20000,Petrol,first,22.37,5,5150000
2017,45000,Diesel,first,19.33,5,3200000
2015,110000,Diesel,first,14.1,7,503000
2019,20000,Diesel,first,18,5,3800000
2016,68089,Petrol,first,19.16,5,2000000
2013,58343,Petrol,first,21.79,5,225000
2018,38817,Diesel,first,27.39,5,740000
2016,56494,Petrol,first,18.2,5,550000
2013,79328,Diesel,second,12.99,7,750000
2019,5621,Petrol,first,22,5,650000
2017,25538,Petrol,first,16.78,5,625000
2018,69779,Petrol,first,22,5,600000
2017,56290,Diesel,first,24,5,450000
2019,7500,Diesel,first,16.78,5,5400000
2019,8500,Diesel,first,16.78,5,5500000
2019,7032,Petrol,first,19,5,779000
2016,11000,Petrol,first,14.3,5,645000
2018,2000,Diesel,first,16.8,5,2475000
2017,9000,Diesel,first,13.6,5,2625000
2019,20000,Petrol,first,22.37,5,5150000
2017,45000,Diesel,first,19.33,5,3200000
2015,110000,Diesel,first,14.1,7,503000
2019,20000,Diesel,first,18,5,3800000
2016,68089,Petrol,first,19.16,5,2000000
2013,58343,Petrol,first,21.79,5,225000
2018,38817,Diesel,first,27.39,5,740000
2016,56494,Petrol,first,18.2,5,550000
2013,79328,Diesel,second,12.99,7,750000
2019,5621,Petrol,first,22,5,650000
2017,25538,Petrol,first,16.78,5,625000
2018,69779,Petrol,first,22,5,600000
2017,56290,Diesel,first,24,5,450000
2019,7500,Diesel,first,16.78,5,5400000
2019,8500,Diesel,first,16.78,5,5500000
2019,7032,Petrol,first,19,5,779000
2016,11000,Petrol,first,14.3,5,645000
2018,2000,Diesel,first,16.8,5,2475000
2017,9000,Diesel,first,13.6,5,2625000
2019,20000,Petrol,first,22.37,5,5150000
2017,45000,Diesel,first,19.33,5,3200000
2015,110000,Diesel,first,14.1,7,503000
2019,20000,Diesel,first,18,5,3800000
2016,68089,Petrol,first,19.16,5,2000000
2013,58343,Petrol,first,21.79,5,225000
2018,38817,Diesel,first,27.39,5,740000
2016,56494,Petrol,first,18.2,5,550000
2013,79328,Diesel,second,12.99,7,750000
2019,5621,Petrol,first,22,5,650000
2017,25538,Petrol,first,16.78,5,625000
2018,69779,Petrol,first,22,5,600000
2017,56290,Diesel,first,24,5,450000
2019,7500,Diesel,first,16.78,5,5400000
2019,8500,Diesel,first,16.78,5,5500000
2019,7032,Petrol,first,19,5,779000
2016,11000,Petrol,first,14.3,5,645000
2018,2000,Diesel,first,16.8,5,2475000
2017,155000,Diesel,first,25,5,385000
2016,35000,Petrol,first,23.1,5,400000
2018,50000,Diesel,first,24,5,550000
2010,185000,Diesel,first,14.8,7,270000
2013,175000,Diesel,second,19.09,5,200000
2016,11500,Petrol,first,25.17,5,310000
2019,3000,Diesel,first,25.4,5,700000
2015,80000,Diesel,second,22.1,5,480000
2005,40000,Petrol,second,19.7,5,90000
2005,40000,Petrol,second,19.7,5,80000
2015,90000,Diesel,first,23.2,5,350000
2017,100000,Diesel,first,23.65,5,600000
2011,120000,Diesel,third,13.5,5,350000
2018,50000,Diesel,first,24.3,5,770000
2012,25000,Diesel,first,21.03,5,350000
2011,50000,Diesel,third,12.05,8,600000
2016,71000,Diesel,first,18.49,7,750000
2016,40000,Petrol,first,20.51,5,340000
2018,31800,Petrol,first,18.6,5,650000
2014,65000,Petrol,first,20.36,5,300000
2014,15000,Petrol,second,22.74,5,204999
2012,70000,Diesel,second,20.8,5,254999
2017,5000,Petrol,first,18.16,5,650000
2017,50000,Petrol,second,21.1,5,280000
2011,80000,Diesel,first,17.2,5,100000
2014,70000,Diesel,second,13.58,9,575000
2017,40000,Diesel,first,24.3,5,780000
2013,157000,Diesel,first,15.96,7,467000
2015,90000,Diesel,first,15.4,7,1050000
2011,80000,Petrol,second,19.81,5,225000
2004,90000,Petrol,third,,,90000
2004,80000,Petrol,third,,,80000
2012,80000,Diesel,first,,,300000
2012,70000,Diesel,second,21.03,5,260000
2009,50000,Petrol,second,16,5,90000
2012,60000,Diesel,first,20,5,280000
2014,106000,Diesel,second,20.8,5,350000
2006,80000,Diesel,second,10.5,7,229999
2016,80000,Diesel,second,15.96,9,550000
2013,110000,Diesel,second,12.99,8,850000
2011,120000,Diesel,third,13.6,7,370000
2013,27000,Petrol,first,20.92,5,250000
2007,70000,Petrol,second,19.7,5,95000
2010,70000,Petrol,second,18.9,5,180000
2016,50000,Diesel,first,17.45,7,650000
2018,60000,Diesel,first,25.4,5,530000
2017,15000,Petrol,first,22,5,610000
2011,40000,Petrol,first,,,200000
2010,135000,Diesel,first,14,8,265000
2018,26300,Petrol,first,23.84,5,560000
2014,120000,Diesel,first,15.96,7,430000
2017,35000,Diesel,first,28.4,5,711000
2015,30000,Petrol,first,20.85,5,511000
2012,165000,Diesel,first,15.96,7,450000
2015,50000,Petrol,first,17.57,5,325000
2013,120000,Diesel,first,21.64,5,434999
2010,100000,Diesel,second,20,5,210000
2009,90000,Petrol,third,,,140000
2007,120000,Petrol,second,15,5,160000
2017,70000,Petrol,second,17.5,7,650000
2008,90000,Diesel,second,,,250000
2014,72000,Petrol,first,18.6,5,320000
2017,50000,Petrol,first,23.01,5,290000
1996,5000,Diesel,second,,,163000
2013,30000,Petrol,first,25.4,4,80000
2017,20000,Diesel,first,14.1,7,1100000
2015,110000,Diesel,first,26.21,5,600000
2017,25000,Petrol,first,25.17,5,340000
2014,120000,Diesel,first,12.99,7,750000
2006,40000,Petrol,first,19.7,5,100000
2019,10000,Petrol,first,25.17,5,395000
2010,65000,Petrol,first,18.9,5,200000
2019,10000,CNG,first,21.94,5,450000
2012,110000,Petrol,second,13.87,5,180000
2008,120000,Diesel,second,13.6,7,190000
2015,72000,Petrol,first,15.37,5,310000
2014,89100,Diesel,second,23.2,5,351000
2006,94000,Petrol,second,17.4,5,190000
2015,120000,Petrol,second,21.1,5,225000
2012,110000,Petrol,first,16.2,5,130000
2018,50000,Diesel,first,28.09,5,1000000
2004,90000,Diesel,third,16.8,5,55000
2014,23000,Petrol,first,18.2,5,330000
2013,50000,Petrol,first,16.8,5,166000
2013,300000,Diesel,first,14,8,200000
2011,50000,Petrol,third,20.92,5,140000
2017,140000,CNG,first,21.94,5,370000
2019,16000,Petrol,first,17.4,5,720000
2015,126000,Diesel,first,21.19,5,500000
2019,15000,Petrol,first,20.14,5,570000
2010,200000,Petrol,first,17.5,5,210000
2009,120000,Petrol,first,19.7,5,120000
2005,120000,Petrol,fourth,15.3,5,95000
2010,110000,Petrol,third,16.95,5,196000
2016,38000,Petrol,first,15.37,5,392000
2010,104000,Petrol,first,15,5,150000
2017,120000,Petrol,first,15.4,7,595000
2018,35000,Diesel,first,24.3,5,833000
2011,210000,Diesel,first,22.9,5,280000
2003,35000,Petrol,second,16.1,4,35000
2009,85000,Diesel,third,21.1,5,180000
2012,80000,Petrol,first,18.9,5,225000
2012,50000,Diesel,first,14.84,5,1400000
2009,40000,Diesel,first,23,5,340000
2010,216000,Diesel,first,12.8,8,550000
2017,65000,Petrol,second,20.51,5,400000
2006,100000,Petrol,third,15.3,5,90000
2015,84000,Diesel,first,28.09,5,650000
2012,210000,Diesel,first,12.99,7,730000
2010,60000,Petrol,first,15.26,5,125000
2006,100000,Petrol,fourth,15.3,5,81000
2007,78000,Petrol,second,16.1,5,170000
2002,161000,Petrol,fourth,13,5,81000
2005,70000,Petrol,third,19.7,5,95000
2010,50000,Petrol,third,26,4,55000
2017,65000,Diesel,first,19.98,8,880000
2015,50000,Petrol,first,25.17,5,200000
2019,25000,Petrol,first,20.52,5,480000
2013,100000,Diesel,first,15.96,9,480000
2018,6000,Petrol,first,18.6,5,700000
2016,72113,Diesel,first,21.9,7,850000
2012,40000,Diesel,first,23.57,5,300000
2017,8000,Petrol,first,18.6,5,650000
2010,20000,Petrol,first,21.1,5,220000
2014,45000,Diesel,first,19.09,5,300000
2014,80000,Diesel,first,23.4,5,450000
2014,90000,Diesel,first,25.2,5,400000
2018,25000,Diesel,first,25.1,5,1030000
2010,100000,Diesel,second,18.8,5,190000
2006,60000,Petrol,second,16.6,5,140000
2018,30000,Diesel,first,21.19,5,800000
2007,120000,Diesel,third,10.5,7,229999
2011,80000,Diesel,second,13.93,7,300000
2011,69000,Diesel,second,20.54,5,375000
2010,75000,Petrol,first,18.6,5,140000
2004,113000,Petrol,second,19.7,5,60000
2014,90000,Diesel,second,24.4,5,420000
2012,100000,Diesel,third,23.08,5,300000
2012,110000,Diesel,first,22.3,5,150000
2015,90000,Diesel,first,22.77,5,600000
2011,100000,Diesel,second,20,5,204999
2017,50000,Diesel,first,25.4,5,625000
2011,200000,Diesel,first,20.5,5,280000
2014,146000,Diesel,second,13.01,7,1050000
2009,80000,Petrol,second,12.9,5,250000
2010,96443,Diesel,second,11.57,7,535000
2009,100000,Petrol,second,11.7,5,400000
2019,10000,Petrol,first,21.21,5,610000
2014,110000,Diesel,first,23.4,5,509999
2014,86000,Diesel,second,14,7,521000
2014,100000,Diesel,first,23.4,5,511000
2014,91000,Diesel,first,22.54,5,451000
2009,100000,Petrol,first,20.36,5,170000
2013,120000,Diesel,second,23.4,5,450000
2011,90000,Petrol,second,17,5,375000
2016,60000,Petrol,second,22.74,5,305000
2016,51500,Petrol,first,25.17,5,315000
2016,60000,Diesel,second,22.1,5,250000
2012,104500,Diesel,second,20,5,200000
2018,30000,Diesel,first,23,5,950000
2012,120000,Diesel,third,19.01,5,400000
2014,100000,Diesel,second,22.9,5,509999
2008,90000,Petrol,third,13.5,5,375000
2005,150000,Petrol,third,18.9,5,150000
2006,60000,Petrol,first,18.9,5,75000
2015,50000,Petrol,second,17.43,5,465000
2019,10000,Diesel,first,24,5,700000
2015,120000,Diesel,third,15.4,7,950000
2017,40000,Petrol,first,18.6,5,610000
2004,120000,Petrol,second,,,60000
2014,50000,Petrol,first,22.74,5,235000
2017,90000,Petrol,first,15.37,5,330000
2014,90000,Diesel,first,20.45,5,472000
2019,10000,Petrol,first,21.21,5,585000
2018,10000,Diesel,first,23.5,8,500000
2019,27000,Petrol,first,23.95,5,360000
2016,70000,Diesel,first,26.59,5,649000
2017,50000,Petrol,first,16.8,5,200000
2008,60000,Petrol,first,,,240000
2014,110000,Diesel,first,24,5,400000
2015,100000,Diesel,second,27.62,5,250000
2018,50000,Diesel,first,17.3,7,1200000
2009,105000,Diesel,second,17.8,5,250000
2013,110000,Diesel,first,12.99,8,819999
2014,60000,Diesel,second,15.1,7,800000
2013,49102,Petrol,second,18.88,5,429000
2010,60000,Petrol,third,17.92,5,150000
2010,120000,Diesel,second,,,315000
2012,90000,Diesel,first,25.44,5,170000
2014,33033,Petrol,first,19.4,5,335000
2015,63063,Petrol,first,18.9,5,465000
2013,81000,Diesel,second,19.01,5,360000
2018,80000,Diesel,first,25.4,5,570000
2012,105000,Diesel,second,19.01,5,350000
2017,60000,Diesel,first,,,600000
2017,227000,Petrol,first,17.5,7,700000
2012,100000,Diesel,second,19.01,5,375000
2019,60000,CNG,first,21.94,5,450000
2013,70000,Diesel,third,21.9,5,325000
2011,120000,Diesel,third,20.54,5,260000
2009,80000,Petrol,third,19.7,5,130000
2008,120000,Diesel,fourth,11.57,7,150000
2014,40000,Petrol,first,17.92,5,220000
2014,53000,Petrol,first,20.36,5,275000
2017,60000,Diesel,first,25.2,5,455000
2017,30000,Petrol,first,18.6,5,570000
2013,100000,Diesel,third,20.54,5,330000
2018,70000,Diesel,first,13.68,7,1576000
2012,98000,Diesel,fourth,20.77,7,450000
2014,60000,Petrol,first,21.1,5,250000
2010,80000,Petrol,third,20.36,5,165000
2013,117000,Diesel,first,11.18,7,800000
2018,8576,Petrol,first,18.7,5,680000
2017,19723,Petrol,first,20.3,5,525000
2016,21446,Petrol,first,16.8,5,825000
2017,52289,Diesel,first,25.1,5,750000
2017,52236,Diesel,first,15.4,7,950000
2017,54470,Diesel,first,15.4,7,950000
2017,25471,Diesel,first,21.9,5,675000
2019,33928,Petrol,first,23.84,5,490000
2018,59736,Diesel,first,18.49,7,775000
2009,54290,Petrol,first,17,5,350000
2016,2118,Petrol,first,19.4,5,475000
2017,61379,Diesel,first,15.4,7,950000
2010,58544,Petrol,second,17.4,5,350000
2016,74381,Petrol,first,21.79,5,400000
2001,35000,Petrol,third,16.1,4,75000
2017,63982,Diesel,first,22.7,5,850000
2008,65000,Petrol,second,18.9,5,175000
2014,74000,Diesel,first,15.96,7,570000
2013,56429,Diesel,second,19.01,5,525000
2012,56000,Petrol,first,20.36,5,270000
2019,19500,Petrol,first,20.3,5,434999
2015,30000,Petrol,first,18.6,5,495000
2016,53000,Diesel,first,22.54,5,575000
2017,5000,Petrol,first,20.14,5,600000
2015,25000,Petrol,first,17.01,5,700000
2014,72000,Diesel,first,26,5,560000
2016,72000,Diesel,first,,,565000
2005,80000,Diesel,first,13.6,7,250000
2013,29000,Petrol,second,15,5,409999
2016,56832,Diesel,first,19.87,5,495000
2014,30528,Petrol,first,18.6,5,470000
2013,65285,Diesel,first,24.7,5,350000
2020,20102,Diesel,first,13.68,8,1560000
2015,43000,Petrol,first,18.7,5,480000
2013,52380,Diesel,first,23.59,5,270000
2018,74250,Diesel,first,21,7,660000
2017,57247,Petrol,first,20.89,5,490000
2017,52000,Diesel,first,24.3,5,800000
2011,47000,Petrol,second,16.95,5,350000
2011,80000,Diesel,third,17.8,5,170000
2011,85000,Diesel,second,18,5,125000
2012,100000,Diesel,first,19.3,5,400000
2011,110000,Petrol,first,16.95,5,250000
2010,178000,Diesel,second,20.4,5,190000
2010,120000,Petrol,third,19.7,5,125000
2017,70000,Diesel,first,16.3,5,1950000
2011,120000,Diesel,first,12.8,5,1300000
2010,155000,Diesel,third,12.8,8,786000
2015,30000,Petrol,first,20.51,5,335000
2009,60000,Petrol,third,18.9,5,114999
2012,70000,Diesel,fourth,22.07,5,229999
2017,40000,Diesel,first,22.54,5,731000
2012,120000,Diesel,first,22.32,5,395000
2015,120000,Diesel,first,26.59,5,500000
2014,50000,Petrol,third,21.1,5,220000
2013,100000,Diesel,first,20,5,240000
2010,120000,Diesel,third,23,5,215000
2012,90000,Diesel,second,22.9,5,400000
2012,90000,Petrol,first,19,5,191000
2013,100000,Diesel,second,14,8,351000
2015,20000,Petrol,first,21.9,4,250000
2009,90000,Diesel,second,18.1,5,210000
2011,120000,Petrol,third,17.6,5,300000
2017,35000,Diesel,first,25.83,5,700000
2010,120000,Diesel,second,11.8,5,500000
2002,120000,Petrol,first,16.1,4,120000
2019,10000,Diesel,first,22.54,5,850000
1994,100000,Diesel,second,,,120000
2017,65000,Diesel,second,25.5,5,770000
2007,90000,Petrol,third,13.5,5,245000
2012,90000,Petrol,first,20.92,5,250000
2016,42323,Diesel,first,21.19,5,651000
2013,42462,Petrol,first,16.8,5,480000
2015,54723,Diesel,first,25.2,5,470000
2016,30000,Diesel,first,27.3,5,500000
2011,42545,Diesel,first,19.62,5,1075000
2016,32000,Diesel,first,25.1,5,690000
2017,41232,Diesel,first,,,589000
2017,41232,Diesel,first,,,589000
2018,20375,Petrol,first,20.89,5,480000
2013,43978,Diesel,second,28.4,5,450000
2018,50000,Diesel,first,24.3,5,770000
2015,40200,Diesel,first,21,7,445000
2018,30000,Petrol,first,18.6,5,700000
2014,90000,Diesel,first,20.77,7,560000
2013,48000,Diesel,second,21.7,5,475000
2014,27233,Diesel,first,27.4,5,465000
2017,28832,Diesel,first,23.4,5,520000
2011,35000,Petrol,first,15,5,225000
2015,35000,Petrol,first,16.02,7,700000
2017,40000,Diesel,first,24.3,5,780000
2006,80000,Petrol,second,17.7,5,93150
2016,30000,Diesel,second,17.21,7,403000
2009,50000,Petrol,second,19.81,5,229999
2016,40000,Diesel,second,26.59,5,525000
2014,25000,Petrol,first,16.02,7,560000
2020,120000,Diesel,first,15.1,7,830000
2011,60000,Diesel,second,21.1,5,250000
2014,110000,Diesel,first,15.96,9,450000
2016,67000,Diesel,first,15.4,7,745000
2010,50000,Diesel,second,20,5,144000
2008,40000,Petrol,first,18.2,5,120000
2008,120000,Diesel,second,11.57,7,300000
1999,100000,Petrol,first,16.1,4,52000
2003,98000,Diesel,first,10.5,8,300000
2009,150000,Diesel,second,13.6,7,270000
2014,38000,Diesel,first,22.1,5,260000
2015,120000,Diesel,first,23.59,5,475000
2011,103000,Diesel,third,20,5,302000
1994,60000,Petrol,first,16.1,4,45000
2017,80000,Diesel,first,24.3,5,775000
2015,50000,Diesel,first,20.77,7,700000
2014,90000,Diesel,first,25.2,5,530000
2017,70000,Diesel,first,21.5,5,869999
2006,110000,Diesel,fourth,14.9,5,155000
2019,30000,Petrol,first,23.84,5,550000
2016,80000,Diesel,second,26.59,5,600000
2012,110000,Diesel,second,19.3,5,430000
2010,120000,Diesel,first,18.8,5,246000
2003,120000,Petrol,third,17.3,5,120000
2014,70000,Petrol,second,18.6,5,565000
2018,60000,Diesel,first,22.54,5,850000
2006,90000,Petrol,first,19.7,5,160000
2014,142500,Diesel,first,19.5,5,325000
2011,90000,Diesel,third,12.05,8,450000
2015,50000,Petrol,first,19.81,5,310000
2013,90000,Diesel,third,25.8,5,250000
2015,115000,Diesel,second,26.59,5,420000
2013,150000,Petrol,second,15,5,330000
2015,68000,Petrol,second,20.4,5,405000
2013,90000,Diesel,second,15.96,7,400000
2010,110000,Petrol,third,15.6,5,409999
2013,70000,Diesel,second,15.96,7,500000
2011,80000,Diesel,third,15.1,7,590000
2006,118000,Petrol,first,,,80000
,,,,,,
